"Site_ID","input_file","status","detail","elapsed_seconds","processed_at_utc"
"US-A32","D:/OneDrive - UW-Madison/Research/ET Synchrony/Data/02_AMF_cleaned/AMF_Hourly/AMF_sites_hourly_update/AMF_hourly_US-A32.csv","ok","",3.74,"2026-09-08 00:08:33 UTC"
"US-A74","D:/OneDrive - UW-Madison/Research/ET Synchrony/Data/02_AMF_cleaned/AMF_Hourly/AMF_sites_hourly_update/AMF_hourly_US-A74.csv","ok","",3.47,"2026-09-08 00:08:37 UTC"
"US-AR1","D:/OneDrive - UW-Madison/Research/ET Synchrony/Data/02_AMF_cleaned/AMF_Hourly/AMF_sites_hourly_update/AMF_hourly_US-AR1.csv","ok","",7.17,"2026-09-08 00:08:44 UTC"
"US-AR2","D:/OneDrive - UW-Madison/Research/ET Synchrony/Data/02_AMF_cleaned/AMF_Hourly/AMF_sites_hourly_update/AMF_hourly_US-AR2.csv","ok","",6.21,"2026-09-08 00:08:50 UTC"
"US-ARM","D:/OneDrive - UW-Madison/Research/ET Synchrony/Data/02_AMF_cleaned/AMF_Hourly/AMF_sites_hourly_update/AMF_hourly_US-ARM.csv","ok","",41.52,"2026-09-08 00:09:32 UTC"
"US-ARb","D:/OneDrive - UW-Madison/Research/ET Synchrony/Data/02_AMF_cleaned/AMF_Hourly/AMF_sites_hourly_update/AMF_hourly_US-ARb.csv","ok","",3.01,"2026-09-08 00:09:35 UTC"
"US-ARc","D:/OneDrive - UW-Madison/Research/ET Synchrony/Data/02_AMF_cleaned/AMF_Hourly/AMF_sites_hourly_update/AMF_hourly_US-ARc.csv","ok","",2.94,"2026-09-08 00:09:38 UTC"
"US-ASH","D:/OneDrive - UW-Madison/Research/ET Synchrony/Data/02_AMF_cleaned/AMF_Hourly/AMF_sites_hourly_update/AMF_hourly_US-ASH.csv","ok","",0.63,"2026-09-08 00:09:38 UTC"
"US-ASM","D:/OneDrive - UW-Madison/Research/ET Synchrony/Data/02_AMF_cleaned/AMF_Hourly/AMF_sites_hourly_update/AMF_hourly_US-ASM.csv","ok","",0.51,"2026-09-08 00:09:39 UTC"
"US-Akn","D:/OneDrive - UW-Madison/Research/ET Synchrony/Data/02_AMF_cleaned/AMF_Hourly/AMF_sites_hourly_update/AMF_hourly_US-Akn.csv","ok","",16.61,"2026-09-08 00:09:56 UTC"
"US-BRG","D:/OneDrive - UW-Madison/Research/ET Synchrony/Data/02_AMF_cleaned/AMF_Hourly/AMF_sites_hourly_update/AMF_hourly_US-BRG.csv","ok","",10.11,"2026-09-08 00:10:06 UTC"
"US-Bar","D:/OneDrive - UW-Madison/Research/ET Synchrony/Data/02_AMF_cleaned/AMF_Hourly/AMF_sites_hourly_update/AMF_hourly_US-Bar.csv","ok","",42.74,"2026-09-08 00:10:48 UTC"
"US-Bi1","D:/OneDrive - UW-Madison/Research/ET Synchrony/Data/02_AMF_cleaned/AMF_Hourly/AMF_sites_hourly_update/AMF_hourly_US-Bi1.csv","ok","",11.7,"2026-09-08 00:11:00 UTC"
"US-Bi2","D:/OneDrive - UW-Madison/Research/ET Synchrony/Data/02_AMF_cleaned/AMF_Hourly/AMF_sites_hourly_update/AMF_hourly_US-Bi2.csv","ok","",11.84,"2026-09-08 00:11:12 UTC"
"US-CF1","D:/OneDrive - UW-Madison/Research/ET Synchrony/Data/02_AMF_cleaned/AMF_Hourly/AMF_sites_hourly_update/AMF_hourly_US-CF1.csv","ok","",9.43,"2026-09-08 00:11:21 UTC"
"US-CF2","D:/OneDrive - UW-Madison/Research/ET Synchrony/Data/02_AMF_cleaned/AMF_Hourly/AMF_sites_hourly_update/AMF_hourly_US-CF2.csv","ok","",5.84,"2026-09-08 00:11:27 UTC"
"US-CF3","D:/OneDrive - UW-Madison/Research/ET Synchrony/Data/02_AMF_cleaned/AMF_Hourly/AMF_sites_hourly_update/AMF_hourly_US-CF3.csv","ok","",7.42,"2026-09-08 00:11:35 UTC"
"US-CF4","D:/OneDrive - UW-Madison/Research/ET Synchrony/Data/02_AMF_cleaned/AMF_Hourly/AMF_sites_hourly_update/AMF_hourly_US-CF4.csv","ok","",8.17,"2026-09-08 00:11:43 UTC"
"US-CGG","D:/OneDrive - UW-Madison/Research/ET Synchrony/Data/02_AMF_cleaned/AMF_Hourly/AMF_sites_hourly_update/AMF_hourly_US-CGG.csv","ok","",4.3,"2026-09-08 00:11:47 UTC"
"US-CRT","D:/OneDrive - UW-Madison/Research/ET Synchrony/Data/02_AMF_cleaned/AMF_Hourly/AMF_sites_hourly_update/AMF_hourly_US-CRT.csv","ok","",6.45,"2026-09-08 00:11:54 UTC"
"US-CS1","D:/OneDrive - UW-Madison/Research/ET Synchrony/Data/02_AMF_cleaned/AMF_Hourly/AMF_sites_hourly_update/AMF_hourly_US-CS1.csv","ok","",1.65,"2026-09-08 00:11:55 UTC"
"US-CS2","D:/OneDrive - UW-Madison/Research/ET Synchrony/Data/02_AMF_cleaned/AMF_Hourly/AMF_sites_hourly_update/AMF_hourly_US-CS2.csv","ok","",5.75,"2026-09-08 00:08:35 UTC"
"US-CS3","D:/OneDrive - UW-Madison/Research/ET Synchrony/Data/02_AMF_cleaned/AMF_Hourly/AMF_sites_hourly_update/AMF_hourly_US-CS3.csv","ok","",1.69,"2026-09-08 00:08:37 UTC"
"US-CS4","D:/OneDrive - UW-Madison/Research/ET Synchrony/Data/02_AMF_cleaned/AMF_Hourly/AMF_sites_hourly_update/AMF_hourly_US-CS4.csv","ok","",1.79,"2026-09-08 00:08:39 UTC"
"US-CS5","D:/OneDrive - UW-Madison/Research/ET Synchrony/Data/02_AMF_cleaned/AMF_Hourly/AMF_sites_hourly_update/AMF_hourly_US-CS5.csv","ok","",1.22,"2026-09-08 00:08:40 UTC"
"US-CS6","D:/OneDrive - UW-Madison/Research/ET Synchrony/Data/02_AMF_cleaned/AMF_Hourly/AMF_sites_hourly_update/AMF_hourly_US-CS6.csv","ok","",2.07,"2026-09-08 00:08:42 UTC"
"US-CS8","D:/OneDrive - UW-Madison/Research/ET Synchrony/Data/02_AMF_cleaned/AMF_Hourly/AMF_sites_hourly_update/AMF_hourly_US-CS8.csv","ok","",0.81,"2026-09-08 00:08:43 UTC"
"US-CdM","D:/OneDrive - UW-Madison/Research/ET Synchrony/Data/02_AMF_cleaned/AMF_Hourly/AMF_sites_hourly_update/AMF_hourly_US-CdM.csv","ok","",8.14,"2026-09-08 00:08:51 UTC"
"US-Cop","D:/OneDrive - UW-Madison/Research/ET Synchrony/Data/02_AMF_cleaned/AMF_Hourly/AMF_sites_hourly_update/AMF_hourly_US-Cop.csv","ok","",11.24,"2026-09-08 00:09:02 UTC"
"US-Cst","D:/OneDrive - UW-Madison/Research/ET Synchrony/Data/02_AMF_cleaned/AMF_Hourly/AMF_sites_hourly_update/AMF_hourly_US-Cst.csv","ok","",9.16,"2026-09-08 00:09:12 UTC"
"US-DFC","D:/OneDrive - UW-Madison/Research/ET Synchrony/Data/02_AMF_cleaned/AMF_Hourly/AMF_sites_hourly_update/AMF_hourly_US-DFC.csv","ok","",8.38,"2026-09-08 00:09:20 UTC"
"US-DS3","D:/OneDrive - UW-Madison/Research/ET Synchrony/Data/02_AMF_cleaned/AMF_Hourly/AMF_sites_hourly_update/AMF_hourly_US-DS3.csv","ok","",4.38,"2026-09-08 00:09:24 UTC"
"US-Fmf","D:/OneDrive - UW-Madison/Research/ET Synchrony/Data/02_AMF_cleaned/AMF_Hourly/AMF_sites_hourly_update/AMF_hourly_US-Fmf.csv","ok","",12.38,"2026-09-08 00:09:37 UTC"
"US-Fuf","D:/OneDrive - UW-Madison/Research/ET Synchrony/Data/02_AMF_cleaned/AMF_Hourly/AMF_sites_hourly_update/AMF_hourly_US-Fuf.csv","ok","",11.3,"2026-09-08 00:09:48 UTC"
"US-Fwf","D:/OneDrive - UW-Madison/Research/ET Synchrony/Data/02_AMF_cleaned/AMF_Hourly/AMF_sites_hourly_update/AMF_hourly_US-Fwf.csv","ok","",11.3,"2026-09-08 00:09:59 UTC"
"US-GLE","D:/OneDrive - UW-Madison/Research/ET Synchrony/Data/02_AMF_cleaned/AMF_Hourly/AMF_sites_hourly_update/AMF_hourly_US-GLE.csv","ok","",37.15,"2026-09-08 00:10:37 UTC"
"US-HB2","D:/OneDrive - UW-Madison/Research/ET Synchrony/Data/02_AMF_cleaned/AMF_Hourly/AMF_sites_hourly_update/AMF_hourly_US-HB2.csv","ok","",2.27,"2026-09-08 00:10:39 UTC"
"US-HB3","D:/OneDrive - UW-Madison/Research/ET Synchrony/Data/02_AMF_cleaned/AMF_Hourly/AMF_sites_hourly_update/AMF_hourly_US-HB3.csv","ok","",9.4,"2026-09-08 00:10:48 UTC"
"US-HWB","D:/OneDrive - UW-Madison/Research/ET Synchrony/Data/02_AMF_cleaned/AMF_Hourly/AMF_sites_hourly_update/AMF_hourly_US-HWB.csv","ok","",7.55,"2026-09-08 00:10:56 UTC"
"US-Ha1","D:/OneDrive - UW-Madison/Research/ET Synchrony/Data/02_AMF_cleaned/AMF_Hourly/AMF_sites_hourly_update/AMF_hourly_US-Ha1.csv","ok","",48.8,"2026-09-08 00:11:45 UTC"
"US-Hn2","D:/OneDrive - UW-Madison/Research/ET Synchrony/Data/02_AMF_cleaned/AMF_Hourly/AMF_sites_hourly_update/AMF_hourly_US-Hn2.csv","ok","",5.46,"2026-09-08 00:11:50 UTC"
"US-Hn3","D:/OneDrive - UW-Madison/Research/ET Synchrony/Data/02_AMF_cleaned/AMF_Hourly/AMF_sites_hourly_update/AMF_hourly_US-Hn3.csv","ok","",1.86,"2026-09-08 00:08:32 UTC"
"US-Ho1","D:/OneDrive - UW-Madison/Research/ET Synchrony/Data/02_AMF_cleaned/AMF_Hourly/AMF_sites_hourly_update/AMF_hourly_US-Ho1.csv","ok","",46.06,"2026-09-08 00:09:18 UTC"
"US-Ho2","D:/OneDrive - UW-Madison/Research/ET Synchrony/Data/02_AMF_cleaned/AMF_Hourly/AMF_sites_hourly_update/AMF_hourly_US-Ho2.csv","ok","",42.74,"2026-09-08 00:10:00 UTC"
"US-Jo1","D:/OneDrive - UW-Madison/Research/ET Synchrony/Data/02_AMF_cleaned/AMF_Hourly/AMF_sites_hourly_update/AMF_hourly_US-Jo1.csv","ok","",27.69,"2026-09-08 00:10:28 UTC"
"US-Jo2","D:/OneDrive - UW-Madison/Research/ET Synchrony/Data/02_AMF_cleaned/AMF_Hourly/AMF_sites_hourly_update/AMF_hourly_US-Jo2.csv","ok","",21.9,"2026-09-08 00:10:50 UTC"
"US-KFS","D:/OneDrive - UW-Madison/Research/ET Synchrony/Data/02_AMF_cleaned/AMF_Hourly/AMF_sites_hourly_update/AMF_hourly_US-KFS.csv","ok","",26.95,"2026-09-08 00:11:17 UTC"
"US-KLS","D:/OneDrive - UW-Madison/Research/ET Synchrony/Data/02_AMF_cleaned/AMF_Hourly/AMF_sites_hourly_update/AMF_hourly_US-KLS.csv","ok","",11.89,"2026-09-08 00:11:29 UTC"
"US-KS1","D:/OneDrive - UW-Madison/Research/ET Synchrony/Data/02_AMF_cleaned/AMF_Hourly/AMF_sites_hourly_update/AMF_hourly_US-KS1.csv","ok","",1.64,"2026-09-08 00:11:30 UTC"
"US-KS2","D:/OneDrive - UW-Madison/Research/ET Synchrony/Data/02_AMF_cleaned/AMF_Hourly/AMF_sites_hourly_update/AMF_hourly_US-KS2.csv","ok","",12.4,"2026-09-08 00:11:43 UTC"
"US-Kon","D:/OneDrive - UW-Madison/Research/ET Synchrony/Data/02_AMF_cleaned/AMF_Hourly/AMF_sites_hourly_update/AMF_hourly_US-Kon.csv","ok","",26.98,"2026-09-08 00:12:10 UTC"
"US-LS2","D:/OneDrive - UW-Madison/Research/ET Synchrony/Data/02_AMF_cleaned/AMF_Hourly/AMF_sites_hourly_update/AMF_hourly_US-LS2.csv","ok","",9.76,"2026-09-08 00:12:20 UTC"
"US-Lin","D:/OneDrive - UW-Madison/Research/ET Synchrony/Data/02_AMF_cleaned/AMF_Hourly/AMF_sites_hourly_update/AMF_hourly_US-Lin.csv","ok","",1.69,"2026-09-08 00:12:21 UTC"
"US-MMS","D:/OneDrive - UW-Madison/Research/ET Synchrony/Data/02_AMF_cleaned/AMF_Hourly/AMF_sites_hourly_update/AMF_hourly_US-MMS.csv","ok","",38.66,"2026-09-08 00:13:00 UTC"
"US-MOz","D:/OneDrive - UW-Madison/Research/ET Synchrony/Data/02_AMF_cleaned/AMF_Hourly/AMF_sites_hourly_update/AMF_hourly_US-MOz.csv","ok","",33.31,"2026-09-08 00:13:33 UTC"
"US-Me1","D:/OneDrive - UW-Madison/Research/ET Synchrony/Data/02_AMF_cleaned/AMF_Hourly/AMF_sites_hourly_update/AMF_hourly_US-Me1.csv","ok","",1.7,"2026-09-08 00:13:35 UTC"
"US-Me2","D:/OneDrive - UW-Madison/Research/ET Synchrony/Data/02_AMF_cleaned/AMF_Hourly/AMF_sites_hourly_update/AMF_hourly_US-Me2.csv","ok","",36.79,"2026-09-08 00:14:12 UTC"
"US-Me3","D:/OneDrive - UW-Madison/Research/ET Synchrony/Data/02_AMF_cleaned/AMF_Hourly/AMF_sites_hourly_update/AMF_hourly_US-Me3.csv","ok","",9.75,"2026-09-08 00:14:22 UTC"
"US-Me6","D:/OneDrive - UW-Madison/Research/ET Synchrony/Data/02_AMF_cleaned/AMF_Hourly/AMF_sites_hourly_update/AMF_hourly_US-Me6.csv","ok","",22.32,"2026-09-08 00:14:44 UTC"
"US-Mo1","D:/OneDrive - UW-Madison/Research/ET Synchrony/Data/02_AMF_cleaned/AMF_Hourly/AMF_sites_hourly_update/AMF_hourly_US-Mo1.csv","ok","",14.77,"2026-09-08 00:14:59 UTC"
"US-Mo2","D:/OneDrive - UW-Madison/Research/ET Synchrony/Data/02_AMF_cleaned/AMF_Hourly/AMF_sites_hourly_update/AMF_hourly_US-Mo2.csv","ok","",11.87,"2026-09-08 00:15:11 UTC"
"US-Mo3","D:/OneDrive - UW-Madison/Research/ET Synchrony/Data/02_AMF_cleaned/AMF_Hourly/AMF_sites_hourly_update/AMF_hourly_US-Mo3.csv","ok","",11.5,"2026-09-08 00:08:41 UTC"
"US-Mpj","D:/OneDrive - UW-Madison/Research/ET Synchrony/Data/02_AMF_cleaned/AMF_Hourly/AMF_sites_hourly_update/AMF_hourly_US-Mpj.csv","ok","",23.06,"2026-09-08 00:09:04 UTC"
"US-NC1","D:/OneDrive - UW-Madison/Research/ET Synchrony/Data/02_AMF_cleaned/AMF_Hourly/AMF_sites_hourly_update/AMF_hourly_US-NC1.csv","ok","",15.79,"2026-09-08 00:09:20 UTC"
"US-NC3","D:/OneDrive - UW-Madison/Research/ET Synchrony/Data/02_AMF_cleaned/AMF_Hourly/AMF_sites_hourly_update/AMF_hourly_US-NC3.csv","ok","",17.78,"2026-09-08 00:09:38 UTC"
"US-NR1","D:/OneDrive - UW-Madison/Research/ET Synchrony/Data/02_AMF_cleaned/AMF_Hourly/AMF_sites_hourly_update/AMF_hourly_US-NR1.csv","ok","",36.45,"2026-09-08 00:10:14 UTC"
"US-Ne1","D:/OneDrive - UW-Madison/Research/ET Synchrony/Data/02_AMF_cleaned/AMF_Hourly/AMF_sites_hourly_update/AMF_hourly_US-Ne1.csv","ok","",41.14,"2026-09-08 00:10:55 UTC"
"US-ONA","D:/OneDrive - UW-Madison/Research/ET Synchrony/Data/02_AMF_cleaned/AMF_Hourly/AMF_sites_hourly_update/AMF_hourly_US-ONA.csv","ok","",15.36,"2026-09-08 00:11:11 UTC"
"US-Oho","D:/OneDrive - UW-Madison/Research/ET Synchrony/Data/02_AMF_cleaned/AMF_Hourly/AMF_sites_hourly_update/AMF_hourly_US-Oho.csv","ok","",19.24,"2026-09-08 00:11:30 UTC"
"US-PFL","D:/OneDrive - UW-Madison/Research/ET Synchrony/Data/02_AMF_cleaned/AMF_Hourly/AMF_sites_hourly_update/AMF_hourly_US-PFL.csv","ok","",0.59,"2026-09-08 00:11:31 UTC"
"US-PFb","D:/OneDrive - UW-Madison/Research/ET Synchrony/Data/02_AMF_cleaned/AMF_Hourly/AMF_sites_hourly_update/AMF_hourly_US-PFb.csv","ok","",0.66,"2026-09-08 00:11:31 UTC"
"US-PFc","D:/OneDrive - UW-Madison/Research/ET Synchrony/Data/02_AMF_cleaned/AMF_Hourly/AMF_sites_hourly_update/AMF_hourly_US-PFc.csv","ok","",0.65,"2026-09-08 00:11:32 UTC"
"US-PFk","D:/OneDrive - UW-Madison/Research/ET Synchrony/Data/02_AMF_cleaned/AMF_Hourly/AMF_sites_hourly_update/AMF_hourly_US-PFk.csv","ok","",0.62,"2026-09-08 00:11:33 UTC"
"US-PFm","D:/OneDrive - UW-Madison/Research/ET Synchrony/Data/02_AMF_cleaned/AMF_Hourly/AMF_sites_hourly_update/AMF_hourly_US-PFm.csv","ok","",0.63,"2026-09-08 00:11:33 UTC"
"US-PFn","D:/OneDrive - UW-Madison/Research/ET Synchrony/Data/02_AMF_cleaned/AMF_Hourly/AMF_sites_hourly_update/AMF_hourly_US-PFn.csv","ok","",0.58,"2026-09-08 00:11:34 UTC"
"US-PFp","D:/OneDrive - UW-Madison/Research/ET Synchrony/Data/02_AMF_cleaned/AMF_Hourly/AMF_sites_hourly_update/AMF_hourly_US-PFp.csv","ok","",0.52,"2026-09-08 00:11:34 UTC"
"US-PFq","D:/OneDrive - UW-Madison/Research/ET Synchrony/Data/02_AMF_cleaned/AMF_Hourly/AMF_sites_hourly_update/AMF_hourly_US-PFq.csv","ok","",0.66,"2026-09-08 00:11:35 UTC"
"US-PFt","D:/OneDrive - UW-Madison/Research/ET Synchrony/Data/02_AMF_cleaned/AMF_Hourly/AMF_sites_hourly_update/AMF_hourly_US-PFt.csv","ok","",0.62,"2026-09-08 00:11:36 UTC"
"US-PSH","D:/OneDrive - UW-Madison/Research/ET Synchrony/Data/02_AMF_cleaned/AMF_Hourly/AMF_sites_hourly_update/AMF_hourly_US-PSH.csv","ok","",0.46,"2026-09-08 00:11:36 UTC"
"US-PSL","D:/OneDrive - UW-Madison/Research/ET Synchrony/Data/02_AMF_cleaned/AMF_Hourly/AMF_sites_hourly_update/AMF_hourly_US-PSL.csv","ok","",0.48,"2026-09-08 00:11:37 UTC"
"US-RGA","D:/OneDrive - UW-Madison/Research/ET Synchrony/Data/02_AMF_cleaned/AMF_Hourly/AMF_sites_hourly_update/AMF_hourly_US-RGA.csv","ok","",4.8,"2026-09-08 00:11:41 UTC"
"US-RGB","D:/OneDrive - UW-Madison/Research/ET Synchrony/Data/02_AMF_cleaned/AMF_Hourly/AMF_sites_hourly_update/AMF_hourly_US-RGB.csv","ok","",5.83,"2026-09-08 00:11:47 UTC"
"US-RGF","D:/OneDrive - UW-Madison/Research/ET Synchrony/Data/02_AMF_cleaned/AMF_Hourly/AMF_sites_hourly_update/AMF_hourly_US-RGF.csv","ok","",1.61,"2026-09-08 00:11:49 UTC"
"US-RGW","D:/OneDrive - UW-Madison/Research/ET Synchrony/Data/02_AMF_cleaned/AMF_Hourly/AMF_sites_hourly_update/AMF_hourly_US-RGW.csv","ok","",2.71,"2026-09-08 00:11:52 UTC"
"US-RGo","D:/OneDrive - UW-Madison/Research/ET Synchrony/Data/02_AMF_cleaned/AMF_Hourly/AMF_sites_hourly_update/AMF_hourly_US-RGo.csv","ok","",4.24,"2026-09-08 00:11:56 UTC"
"US-Rls","D:/OneDrive - UW-Madison/Research/ET Synchrony/Data/02_AMF_cleaned/AMF_Hourly/AMF_sites_hourly_update/AMF_hourly_US-Rls.csv","ok","",15.78,"2026-09-08 00:12:12 UTC"
"US-Rms","D:/OneDrive - UW-Madison/Research/ET Synchrony/Data/02_AMF_cleaned/AMF_Hourly/AMF_sites_hourly_update/AMF_hourly_US-Rms.csv","ok","",16.11,"2026-09-08 00:12:28 UTC"
"US-Ro1","D:/OneDrive - UW-Madison/Research/ET Synchrony/Data/02_AMF_cleaned/AMF_Hourly/AMF_sites_hourly_update/AMF_hourly_US-Ro1.csv","ok","",21.19,"2026-09-08 00:12:49 UTC"
"US-Ro2","D:/OneDrive - UW-Madison/Research/ET Synchrony/Data/02_AMF_cleaned/AMF_Hourly/AMF_sites_hourly_update/AMF_hourly_US-Ro2.csv","ok","",13.03,"2026-09-08 00:13:02 UTC"
"US-Ro3","D:/OneDrive - UW-Madison/Research/ET Synchrony/Data/02_AMF_cleaned/AMF_Hourly/AMF_sites_hourly_update/AMF_hourly_US-Ro3.csv","ok","",6.6,"2026-09-08 00:13:08 UTC"
"US-Ro4","D:/OneDrive - UW-Madison/Research/ET Synchrony/Data/02_AMF_cleaned/AMF_Hourly/AMF_sites_hourly_update/AMF_hourly_US-Ro4.csv","ok","",17.85,"2026-09-08 00:13:26 UTC"
"US-Ro5","D:/OneDrive - UW-Madison/Research/ET Synchrony/Data/02_AMF_cleaned/AMF_Hourly/AMF_sites_hourly_update/AMF_hourly_US-Ro5.csv","ok","",12.28,"2026-09-08 00:13:39 UTC"
"US-Ro6","D:/OneDrive - UW-Madison/Research/ET Synchrony/Data/02_AMF_cleaned/AMF_Hourly/AMF_sites_hourly_update/AMF_hourly_US-Ro6.csv","ok","",12.37,"2026-09-08 00:13:51 UTC"
"US-Rwe","D:/OneDrive - UW-Madison/Research/ET Synchrony/Data/02_AMF_cleaned/AMF_Hourly/AMF_sites_hourly_update/AMF_hourly_US-Rwe.csv","ok","",7.01,"2026-09-08 00:13:58 UTC"
"US-Rwf","D:/OneDrive - UW-Madison/Research/ET Synchrony/Data/02_AMF_cleaned/AMF_Hourly/AMF_sites_hourly_update/AMF_hourly_US-Rwf.csv","ok","",14.81,"2026-09-08 00:14:13 UTC"
"US-Rws","D:/OneDrive - UW-Madison/Research/ET Synchrony/Data/02_AMF_cleaned/AMF_Hourly/AMF_sites_hourly_update/AMF_hourly_US-Rws.csv","ok","",16.69,"2026-09-08 00:14:30 UTC"
"US-SP1","D:/OneDrive - UW-Madison/Research/ET Synchrony/Data/02_AMF_cleaned/AMF_Hourly/AMF_sites_hourly_update/AMF_hourly_US-SP1.csv","ok","",32.9,"2026-09-08 00:15:02 UTC"
"US-SRC","D:/OneDrive - UW-Madison/Research/ET Synchrony/Data/02_AMF_cleaned/AMF_Hourly/AMF_sites_hourly_update/AMF_hourly_US-SRC.csv","ok","",10.32,"2026-09-08 00:15:13 UTC"
"US-SRG","D:/OneDrive - UW-Madison/Research/ET Synchrony/Data/02_AMF_cleaned/AMF_Hourly/AMF_sites_hourly_update/AMF_hourly_US-SRG.csv","ok","",27.5,"2026-09-08 00:15:40 UTC"
"US-SRM","D:/OneDrive - UW-Madison/Research/ET Synchrony/Data/02_AMF_cleaned/AMF_Hourly/AMF_sites_hourly_update/AMF_hourly_US-SRM.csv","ok","",34.66,"2026-09-08 00:16:15 UTC"
"US-SRS","D:/OneDrive - UW-Madison/Research/ET Synchrony/Data/02_AMF_cleaned/AMF_Hourly/AMF_sites_hourly_update/AMF_hourly_US-SRS.csv","ok","",12.93,"2026-09-08 00:16:28 UTC"
"US-SSH","D:/OneDrive - UW-Madison/Research/ET Synchrony/Data/02_AMF_cleaned/AMF_Hourly/AMF_sites_hourly_update/AMF_hourly_US-SSH.csv","ok","",10.9,"2026-09-08 00:16:39 UTC"
"US-Seg","D:/OneDrive - UW-Madison/Research/ET Synchrony/Data/02_AMF_cleaned/AMF_Hourly/AMF_sites_hourly_update/AMF_hourly_US-Seg.csv","ok","",25.67,"2026-09-08 00:12:16 UTC"
"US-Ses","D:/OneDrive - UW-Madison/Research/ET Synchrony/Data/02_AMF_cleaned/AMF_Hourly/AMF_sites_hourly_update/AMF_hourly_US-Ses.csv","ok","",27.12,"2026-09-08 00:12:43 UTC"
"US-Sne","D:/OneDrive - UW-Madison/Research/ET Synchrony/Data/02_AMF_cleaned/AMF_Hourly/AMF_sites_hourly_update/AMF_hourly_US-Sne.csv","ok","",7.89,"2026-09-08 00:12:51 UTC"
"US-Snf","D:/OneDrive - UW-Madison/Research/ET Synchrony/Data/02_AMF_cleaned/AMF_Hourly/AMF_sites_hourly_update/AMF_hourly_US-Snf.csv","ok","",3.96,"2026-09-08 00:12:55 UTC"
"US-Syv","D:/OneDrive - UW-Madison/Research/ET Synchrony/Data/02_AMF_cleaned/AMF_Hourly/AMF_sites_hourly_update/AMF_hourly_US-Syv.csv","ok","",36.45,"2026-09-08 00:13:31 UTC"
"US-Ton","D:/OneDrive - UW-Madison/Research/ET Synchrony/Data/02_AMF_cleaned/AMF_Hourly/AMF_sites_hourly_update/AMF_hourly_US-Ton.csv","ok","",41.21,"2026-09-08 00:14:12 UTC"
"US-Tw2","D:/OneDrive - UW-Madison/Research/ET Synchrony/Data/02_AMF_cleaned/AMF_Hourly/AMF_sites_hourly_update/AMF_hourly_US-Tw2.csv","ok","",1.72,"2026-09-08 00:14:14 UTC"
"US-Tw3","D:/OneDrive - UW-Madison/Research/ET Synchrony/Data/02_AMF_cleaned/AMF_Hourly/AMF_sites_hourly_update/AMF_hourly_US-Tw3.csv","ok","",10.79,"2026-09-08 00:14:25 UTC"
"US-UC1","D:/OneDrive - UW-Madison/Research/ET Synchrony/Data/02_AMF_cleaned/AMF_Hourly/AMF_sites_hourly_update/AMF_hourly_US-UC1.csv","ok","",8.2,"2026-09-08 00:14:33 UTC"
"US-UC2","D:/OneDrive - UW-Madison/Research/ET Synchrony/Data/02_AMF_cleaned/AMF_Hourly/AMF_sites_hourly_update/AMF_hourly_US-UC2.csv","ok","",8.87,"2026-09-08 00:14:42 UTC"
"US-UMB","D:/OneDrive - UW-Madison/Research/ET Synchrony/Data/02_AMF_cleaned/AMF_Hourly/AMF_sites_hourly_update/AMF_hourly_US-UMB.csv","ok","",27.75,"2026-09-08 00:15:10 UTC"
"US-UMd","D:/OneDrive - UW-Madison/Research/ET Synchrony/Data/02_AMF_cleaned/AMF_Hourly/AMF_sites_hourly_update/AMF_hourly_US-UMd.csv","ok","",29.13,"2026-09-08 00:15:39 UTC"
"US-UTB","D:/OneDrive - UW-Madison/Research/ET Synchrony/Data/02_AMF_cleaned/AMF_Hourly/AMF_sites_hourly_update/AMF_hourly_US-UTB.csv","ok","",3.03,"2026-09-08 00:15:42 UTC"
"US-Var","D:/OneDrive - UW-Madison/Research/ET Synchrony/Data/02_AMF_cleaned/AMF_Hourly/AMF_sites_hourly_update/AMF_hourly_US-Var.csv","ok","",35.9,"2026-09-08 00:16:18 UTC"
"US-Vcm","D:/OneDrive - UW-Madison/Research/ET Synchrony/Data/02_AMF_cleaned/AMF_Hourly/AMF_sites_hourly_update/AMF_hourly_US-Vcm.csv","ok","",21.86,"2026-09-08 00:16:40 UTC"
"US-Vcp","D:/OneDrive - UW-Madison/Research/ET Synchrony/Data/02_AMF_cleaned/AMF_Hourly/AMF_sites_hourly_update/AMF_hourly_US-Vcp.csv","ok","",23.65,"2026-09-08 00:17:03 UTC"
"US-Whs","D:/OneDrive - UW-Madison/Research/ET Synchrony/Data/02_AMF_cleaned/AMF_Hourly/AMF_sites_hourly_update/AMF_hourly_US-Whs.csv","ok","",22.74,"2026-09-08 00:17:26 UTC"
"US-Wi0","D:/OneDrive - UW-Madison/Research/ET Synchrony/Data/02_AMF_cleaned/AMF_Hourly/AMF_sites_hourly_update/AMF_hourly_US-Wi0.csv","ok","",0.89,"2026-09-08 00:17:27 UTC"
"US-Wi1","D:/OneDrive - UW-Madison/Research/ET Synchrony/Data/02_AMF_cleaned/AMF_Hourly/AMF_sites_hourly_update/AMF_hourly_US-Wi1.csv","ok","",1.12,"2026-09-08 00:17:28 UTC"
"US-Wi3","D:/OneDrive - UW-Madison/Research/ET Synchrony/Data/02_AMF_cleaned/AMF_Hourly/AMF_sites_hourly_update/AMF_hourly_US-Wi3.csv","ok","",3.25,"2026-09-08 00:17:31 UTC"
"US-Wi4","D:/OneDrive - UW-Madison/Research/ET Synchrony/Data/02_AMF_cleaned/AMF_Hourly/AMF_sites_hourly_update/AMF_hourly_US-Wi4.csv","ok","",5.24,"2026-09-08 00:12:00 UTC"
"US-Wi5","D:/OneDrive - UW-Madison/Research/ET Synchrony/Data/02_AMF_cleaned/AMF_Hourly/AMF_sites_hourly_update/AMF_hourly_US-Wi5.csv","ok","",1.37,"2026-09-08 00:12:02 UTC"
"US-Wi6","D:/OneDrive - UW-Madison/Research/ET Synchrony/Data/02_AMF_cleaned/AMF_Hourly/AMF_sites_hourly_update/AMF_hourly_US-Wi6.csv","ok","",2.16,"2026-09-08 00:12:04 UTC"
"US-Wi7","D:/OneDrive - UW-Madison/Research/ET Synchrony/Data/02_AMF_cleaned/AMF_Hourly/AMF_sites_hourly_update/AMF_hourly_US-Wi7.csv","ok","",0.94,"2026-09-08 00:12:05 UTC"
"US-Wi8","D:/OneDrive - UW-Madison/Research/ET Synchrony/Data/02_AMF_cleaned/AMF_Hourly/AMF_sites_hourly_update/AMF_hourly_US-Wi8.csv","ok","",0.97,"2026-09-08 00:12:06 UTC"
"US-Wi9","D:/OneDrive - UW-Madison/Research/ET Synchrony/Data/02_AMF_cleaned/AMF_Hourly/AMF_sites_hourly_update/AMF_hourly_US-Wi9.csv","ok","",2.71,"2026-09-08 00:12:09 UTC"
"US-Wjs","D:/OneDrive - UW-Madison/Research/ET Synchrony/Data/02_AMF_cleaned/AMF_Hourly/AMF_sites_hourly_update/AMF_hourly_US-Wjs.csv","ok","",23.56,"2026-09-08 00:12:32 UTC"
"US-Wkg","D:/OneDrive - UW-Madison/Research/ET Synchrony/Data/02_AMF_cleaned/AMF_Hourly/AMF_sites_hourly_update/AMF_hourly_US-Wkg.csv","ok","",33.61,"2026-09-08 00:13:06 UTC"
"US-xAB","D:/OneDrive - UW-Madison/Research/ET Synchrony/Data/02_AMF_cleaned/AMF_Hourly/AMF_sites_hourly_update/AMF_hourly_US-xAB.csv","ok","",14.11,"2026-09-08 00:13:20 UTC"
"US-xAE","D:/OneDrive - UW-Madison/Research/ET Synchrony/Data/02_AMF_cleaned/AMF_Hourly/AMF_sites_hourly_update/AMF_hourly_US-xAE.csv","ok","",7.7,"2026-09-08 00:13:28 UTC"
"US-xBL","D:/OneDrive - UW-Madison/Research/ET Synchrony/Data/02_AMF_cleaned/AMF_Hourly/AMF_sites_hourly_update/AMF_hourly_US-xBL.csv","ok","",5.38,"2026-09-08 00:13:33 UTC"
"US-xBR","D:/OneDrive - UW-Madison/Research/ET Synchrony/Data/02_AMF_cleaned/AMF_Hourly/AMF_sites_hourly_update/AMF_hourly_US-xBR.csv","ok","",10.52,"2026-09-08 00:13:43 UTC"
"US-xCL","D:/OneDrive - UW-Madison/Research/ET Synchrony/Data/02_AMF_cleaned/AMF_Hourly/AMF_sites_hourly_update/AMF_hourly_US-xCL.csv","ok","",6.65,"2026-09-08 00:13:50 UTC"
"US-xCP","D:/OneDrive - UW-Madison/Research/ET Synchrony/Data/02_AMF_cleaned/AMF_Hourly/AMF_sites_hourly_update/AMF_hourly_US-xCP.csv","ok","",8.72,"2026-09-08 00:13:59 UTC"
"US-xDC","D:/OneDrive - UW-Madison/Research/ET Synchrony/Data/02_AMF_cleaned/AMF_Hourly/AMF_sites_hourly_update/AMF_hourly_US-xDC.csv","ok","",8.04,"2026-09-08 00:14:07 UTC"
"US-xDL","D:/OneDrive - UW-Madison/Research/ET Synchrony/Data/02_AMF_cleaned/AMF_Hourly/AMF_sites_hourly_update/AMF_hourly_US-xDL.csv","ok","",8.1,"2026-09-08 00:14:15 UTC"
"US-xDS","D:/OneDrive - UW-Madison/Research/ET Synchrony/Data/02_AMF_cleaned/AMF_Hourly/AMF_sites_hourly_update/AMF_hourly_US-xDS.csv","ok","",9.4,"2026-09-08 00:14:24 UTC"
"US-xGR","D:/OneDrive - UW-Madison/Research/ET Synchrony/Data/02_AMF_cleaned/AMF_Hourly/AMF_sites_hourly_update/AMF_hourly_US-xGR.csv","ok","",6.81,"2026-09-08 00:14:31 UTC"
"US-xHA","D:/OneDrive - UW-Madison/Research/ET Synchrony/Data/02_AMF_cleaned/AMF_Hourly/AMF_sites_hourly_update/AMF_hourly_US-xHA.csv","ok","",8.26,"2026-09-08 00:14:39 UTC"
"US-xJE","D:/OneDrive - UW-Madison/Research/ET Synchrony/Data/02_AMF_cleaned/AMF_Hourly/AMF_sites_hourly_update/AMF_hourly_US-xJE.csv","ok","",7.95,"2026-09-08 00:14:47 UTC"
"US-xJR","D:/OneDrive - UW-Madison/Research/ET Synchrony/Data/02_AMF_cleaned/AMF_Hourly/AMF_sites_hourly_update/AMF_hourly_US-xJR.csv","ok","",12.92,"2026-09-08 00:15:00 UTC"
"US-xKA","D:/OneDrive - UW-Madison/Research/ET Synchrony/Data/02_AMF_cleaned/AMF_Hourly/AMF_sites_hourly_update/AMF_hourly_US-xKA.csv","ok","",7.33,"2026-09-08 00:15:08 UTC"
"US-xKZ","D:/OneDrive - UW-Madison/Research/ET Synchrony/Data/02_AMF_cleaned/AMF_Hourly/AMF_sites_hourly_update/AMF_hourly_US-xKZ.csv","ok","",8.21,"2026-09-08 00:15:16 UTC"
"US-xMB","D:/OneDrive - UW-Madison/Research/ET Synchrony/Data/02_AMF_cleaned/AMF_Hourly/AMF_sites_hourly_update/AMF_hourly_US-xMB.csv","ok","",7.73,"2026-09-08 00:15:24 UTC"
"US-xML","D:/OneDrive - UW-Madison/Research/ET Synchrony/Data/02_AMF_cleaned/AMF_Hourly/AMF_sites_hourly_update/AMF_hourly_US-xML.csv","ok","",6.84,"2026-09-08 00:15:30 UTC"
"US-xNG","D:/OneDrive - UW-Madison/Research/ET Synchrony/Data/02_AMF_cleaned/AMF_Hourly/AMF_sites_hourly_update/AMF_hourly_US-xNG.csv","ok","",8,"2026-09-08 00:15:38 UTC"
"US-xNQ","D:/OneDrive - UW-Madison/Research/ET Synchrony/Data/02_AMF_cleaned/AMF_Hourly/AMF_sites_hourly_update/AMF_hourly_US-xNQ.csv","ok","",6.68,"2026-09-08 00:15:45 UTC"
"US-xRM","D:/OneDrive - UW-Madison/Research/ET Synchrony/Data/02_AMF_cleaned/AMF_Hourly/AMF_sites_hourly_update/AMF_hourly_US-xRM.csv","ok","",9.5,"2026-09-08 00:15:55 UTC"
"US-xSB","D:/OneDrive - UW-Madison/Research/ET Synchrony/Data/02_AMF_cleaned/AMF_Hourly/AMF_sites_hourly_update/AMF_hourly_US-xSB.csv","ok","",7.31,"2026-09-08 00:16:02 UTC"
"US-xSC","D:/OneDrive - UW-Madison/Research/ET Synchrony/Data/02_AMF_cleaned/AMF_Hourly/AMF_sites_hourly_update/AMF_hourly_US-xSC.csv","ok","",4.49,"2026-09-08 00:16:06 UTC"
"US-xSE","D:/OneDrive - UW-Madison/Research/ET Synchrony/Data/02_AMF_cleaned/AMF_Hourly/AMF_sites_hourly_update/AMF_hourly_US-xSE.csv","ok","",9.01,"2026-09-08 00:16:15 UTC"
"US-xSJ","D:/OneDrive - UW-Madison/Research/ET Synchrony/Data/02_AMF_cleaned/AMF_Hourly/AMF_sites_hourly_update/AMF_hourly_US-xSJ.csv","ok","",4.99,"2026-09-08 00:16:20 UTC"
"US-xSL","D:/OneDrive - UW-Madison/Research/ET Synchrony/Data/02_AMF_cleaned/AMF_Hourly/AMF_sites_hourly_update/AMF_hourly_US-xSL.csv","ok","",13.7,"2026-09-08 00:16:34 UTC"
"US-xSR","D:/OneDrive - UW-Madison/Research/ET Synchrony/Data/02_AMF_cleaned/AMF_Hourly/AMF_sites_hourly_update/AMF_hourly_US-xSR.csv","ok","",7.22,"2026-09-08 00:16:41 UTC"
"US-xST","D:/OneDrive - UW-Madison/Research/ET Synchrony/Data/02_AMF_cleaned/AMF_Hourly/AMF_sites_hourly_update/AMF_hourly_US-xST.csv","ok","",8.25,"2026-09-08 00:16:50 UTC"
"US-xTA","D:/OneDrive - UW-Madison/Research/ET Synchrony/Data/02_AMF_cleaned/AMF_Hourly/AMF_sites_hourly_update/AMF_hourly_US-xTA.csv","ok","",6.12,"2026-09-08 00:16:56 UTC"
"US-xTR","D:/OneDrive - UW-Madison/Research/ET Synchrony/Data/02_AMF_cleaned/AMF_Hourly/AMF_sites_hourly_update/AMF_hourly_US-xTR.csv","ok","",7.24,"2026-09-08 00:17:03 UTC"
"US-xUK","D:/OneDrive - UW-Madison/Research/ET Synchrony/Data/02_AMF_cleaned/AMF_Hourly/AMF_sites_hourly_update/AMF_hourly_US-xUK.csv","ok","",8.55,"2026-09-08 00:17:12 UTC"
"US-xUN","D:/OneDrive - UW-Madison/Research/ET Synchrony/Data/02_AMF_cleaned/AMF_Hourly/AMF_sites_hourly_update/AMF_hourly_US-xUN.csv","ok","",7.46,"2026-09-08 00:17:19 UTC"
"US-xWD","D:/OneDrive - UW-Madison/Research/ET Synchrony/Data/02_AMF_cleaned/AMF_Hourly/AMF_sites_hourly_update/AMF_hourly_US-xWD.csv","ok","",11.82,"2026-09-08 00:17:31 UTC"
"US-xYE","D:/OneDrive - UW-Madison/Research/ET Synchrony/Data/02_AMF_cleaned/AMF_Hourly/AMF_sites_hourly_update/AMF_hourly_US-xYE.csv","ok","",5.27,"2026-09-08 00:17:36 UTC"
